USA,Alabama,Birmingham,Informed Consent,Magic City Wellness center,,United States AL
USA,Alaska,Anchorage,Unclear,Providence Alaska Medical Center Pediatrics,,United States AK
USA,Alaska,Anchorage,Unclear,Providence Family Medicine Center,,United States AK
USA,Arizona,Chandler ,Informed Consent,Dr. Lieber and Dr. Cloonan-Schulte,Dr. Melanie Cloonan-Schulte,United States AZ
USA,Arkansas,Eureka Springs,Informed Consent,Eureka Springs Family Clinic,Dr. John House,United States AR
USA,California,San Francisco,Informed Consent,Lyon-Martin Health Services,,United States CA
USA,Colorodo ,Englewood,Provides HRT referral letter,Gender Identity Center of Colorado ,,United States CO
USA,Colorado,Denver ,"Informed consent, therapist letter equired in some cases",Healthy Futures,Dr. Kate Weisenborn,United States CO
USA,Connecticut,Norwalk,informed consent,Circle Care Center,,United States CT
USA,Florida,Tampa,Therapist Letter Required,Diversity Health Center of Tampa Bay,,United States FL
USA,Florida,Tampa,Internal Counsellors Provide Assesment for HRT,Metro Wellness,Dr. David Lyter,United States FL
USA,Georgia,Atlanta,Informed Consent (trans men only),Feminist Women's Health Center,,United States GA
USA,Georgia,Atlanta,Informed Consent,Druid Hills Primary Care,Dr. Joe Smiddy,United States GA
USA,Georgia,Watkinsville,Informed consent,Oconee family practise,Dr. Mark Earhart,United States GA
USA,Hawaii,Honolulu,Informed Consent,Lavender Clinic ,,United States HI
USA,Idaho,Boise,Informed Consent,Davis Family Medicine,Dr. Davis,United States ID
USA,Illinois,Chicago,Informed Consent,Howard Brown Health,Dr. Houlberg,United States IL
USA,Indiana,Indianapolis,Informed Consent,Riley Physicians Adolescent Medicine,Dr. Eric Meininger,United States IN
USA,Iowa,Iowa City,Informed Consent,Emma Goldman Clinic,,United States IA
USA,Kansas,Kansas City,Informed Consent,Southwest Boulevard Family Health Care,Dr. Sharon Lee,United States KS
USA,Kentucky,Louisville,Unclear,integrative hormone specialists,,United States KY
USA,Kentucky,Louisville,Unclear,Family Medicine at Newburg,Alison Solan,United States KY
USA,Kentucky,Bowling Green,Unclear,Grave Gilbert Clinic,Dr. Hope Havener,United States KY
USA,Kentucky,Louisville,Unclear,Athena Health and Wellness,Carrie Thonen,United States KY
USA,Louisiana,Bossier City,Informed Consent,Willis-Knighton Health System,Dr. Laura Kimball-Ravari,United States LA
USA,Louisiana,New Orleans,Unclear,Dr. Jennifer Garrett Family Medicine,Dr. Jennifer Garrett,United States LA
USA,Louisiana,New Orleans,Informed Consent,"Kenneth L. Combs, MD - Internal Medicine",Dr. Kenneth Combs,United States LA
USA,Maine,Lewiston,Informed Consent,Maine Family Planning,,United States ME
USA,Maine,Waterville,Informed Consent,Maine Family Planning,,United States ME
USA,Maryland,Baltimore,Informed Consent,Chase Brexton Health Services,Dr. Sam Westrick,United States MD
USA,Maryland,Columbia,Informed Consent,Chase Brexton Health Services,,United States MD
USA,Massachusetts,Northampton,Informed Consent,Bay State Health,J. Aleah Nesteby,United States MA
USA,Massachusetts,Springfield,Informed Consent,Bay State Health,,United States MA
USA,Massachusetts,Boston,Informed Consent,Fenway health,,United States MA
USA,Michigan,Berkley,"Unclear, Reportedly good process",Be Well Medical Center,Dr. Paul Benson,United States MI
USA,Michigan,Keego Harbour,Informed Consent,Center for Transforming Health ,Dr. Patricia Schmidt ,United States MI
USA,Michigan,Macomb Township (Detroit),Informed Consent,Farmbrooke Family Medicine,Dr. Mark Sikorkski,United States MI
USA,Minnesota,Saint Paul,Informed Consent,"DR. Eric Meininger, MD, MPH",Dr. Eric Meininger,United States MN
USA,Minnesota,Minneapolis,Informed Consent,Reclaim Integrative Health Clinic,,United States MN
USA,Minnesota,Minneapolis,Informed Consent,Smiley's Family Medicine Clinic,Dr. Link,United States MN
USA,Minnesota,Saint Paul,Informed Consent,Family Tree Clinic ,,United States MN
USA,Mississippi,Jackson,Unclear,Arti Barnes University of Mississippi Med. Center,,United States MS
USA,Mississippi,Jackson,Informed Consent,Open Arms HealthCare Center,,United States MS
USA,Missouri,St. Louis,Informed Consent,Southampton Health Care,,United States MO
USA,Nebraska,Multiple Locations,Unclear,Nebraska Medicine,,United States NE
USA,Nebraska,Omaha,Informed Consent,OneWorld,Dr. Alex Dworak,United States NE
USA,Nevada,Reno,Informed Consent,Northern Nevada HOPES,,United States NV
USA,Nevada,Las Vegas,Informed Consent,Huntridge Family Clinic,,United States NV
USA,Nevada,Reno,Informed Consent,Fifth Street Health Center,,United States NV
USA,New Hampshire,Concord,Informed Consent,Concord Feminist Health Center,,United States NH
USA,New Hampshire,Concord,Informed Consent,Equality Health Center,,United States NH
USA,New Jersey,Jersey City,Unclear,Alliance Community Healthcare Bergen,,United States NJ
USA,New Jersey,Jersey City,Unclear,Alliance Community Healthcare Christopher Columbus Drive,,United States NJ
USA,New Jersey,Somerville,Informed Consent,PROUD Family Health at RWJ Somerset Family Practice,,United States NJ
USA,New Mexico,Albuquerque,Informed Consent,Casa De Salud,Dr. Andru Ziwasimon,United States NM
USA,New York,New York City,Informed Consent,Community Kinship Life - Bronx Lebanon Hospital,,United States NY
USA,New York,New York City,Informed Consent,Apicha Community Health Center,,United States NY
USA,New York,New York City,Informed Consent,Callen-Lorde Community Health Center,,United States NY
USA,North Carolina,Charlotte,Informed Consent,Cotswald Family Medicine,Dr. Richard Wynn,United States NC
USA,North Carolina,Charlotte,Informed Consent,Novant Health Midtown Family Medicine ,Dr. Rhett L. Brown,United States NC
USA,North Carolina,Asheville,Informed Consent,Western North Carolina Community Health Services,,United States NC
USA,North Carolina,Carrboro,Informed Consent,Carrboro Pediatrics and Internal Medicine,Dr. Kerith Lawrence,United States NC
USA,Ohio,Columbus,Informed Consent,Equitas Health Short North Medical Center,,United States OH
USA,Ohio,Cleveland,Informed Consent,Pride Clinic ,Dr. Ng,United States OH
USA,Oklahoma,Oklahoma City,Informed Consent,Trust Women South Wind Women's Center Oklahoma City,,United States OK
USA,Oregon,Portland,Unclear,Prism Health,,United States OR
USA,Oregon,Portland,Informed Consent,National University of Natural Medicine,Dr. Maleah Ermac,United States OR
USA,Oregon,Portland,Informed Consent,Mercy & Wisdom Community Health Clinic,Leslie Nicholas,United States OR
USA,Oregon,Portland,Informed Consent,Circle Health Care,Dr. Suzanne Scopes,United States OR
USA,Pennsylvania,Pittsburgh,Informed Consent,Metro Family Practice ,,United States PA
USA,Pennsylvania,Pittsburgh,Informed Consent,Central Outreach Wellness Center,Dr Stacy Lane,United States PA
USA,Pennsylvania,Philadelphia,Informed Consent,Mazzoni Center,,United States PA
USA,Rhode Island,West Warwick,Informed Consent,Thundermist Health Center - West Warwick ,,United States RI
USA,Rhode Island,Woonsocket,Informed Consent,Thundermist Health Center - Woonsocket,,United States RI
USA,Rhode Island,Wakefield,Informed Consent,Thundermist Health Center - South County,,United States RI
USA,South Dakota,Sioux Falls,Unclear,Avera Medical Group Endocrinology & Diabetes Sioux Falls,Dr. Richard Crawford,United States SD
USA,South Dakota,Sioux Falls,Unclear,Sanford Health Fertility and Reproductive Medicine,Dr. Keith Hansen,United States SD
USA,Tennessee,Nashville,Informed Consent,Vine Hill Community Clinic,Dr. Alice Sattler,United States TN
USA,Tennessee,Nashville,Informed Consent,Rager Adolescent Health,Dr. Kristin M. Rager,United States TN
USA,Tennessee,Brentwood,Informed Consent,Cool Springs Internal Medicine & Pediatrics Clinic,Dr. Bradley N. Bullock,United States TN
USA,Tennessee,Memphis,Informed Consent,CHOICES (Memphis Center for Reproductive Health),,United States TN
USA,Texas,Houston,Informed Consent,Legacy Community Health - Montrose Clinic,Dr. Feldmann,United States TX
USA,Texas,Dallas,Informed Consent,Transgender Supportive Health Services - The Stewpot,,United States TX
USA,Texas,Grand Prairie,Informed Consent,"Transgender Supportive Health Services - E. Carlyle Smith, Jr. Health Center",,United States TX
USA,Texas,San Antonio,Informed Consent,Kind Clinic,,United States TX
USA,Texas,Austin,Informed Consent,Kind Clinic,,United States TX
USA,Texas,Dallas,Informed Consent,Medical City Hospital,Dr. Polina F Kaloyanova,United States TX
USA,Texas,Dallas,Informed Consent,Nelson-Tebedo Community Clinic,Dr. Jaime Vasquez,United States TX
USA,Utah,Holladay,Informed Consent,Rebirth Obstetrics and Gynecology,Dr. Rixt Luikenaar ,United States UT
USA,Vermont,Burlington,Informed Consent,Pearl Street Youth Health Center,,United States VT
USA,Vermont,Burlington,Informed Consent,Riverside Health Center,,United States VT
USA,Virginia,Richmond,Informed Consent,Health Brigade,,United States VA
USA,Virginia,Norfolk,Informed Consent,Tidewater Women's & LGBT Primary Care Center,Dr. David Peters,United States VA
USA,Virginia,Fredericksburg,Informed Consent,Sophia Medical Associates (Dr. Anthony Zavadil),Dr. Anthony Zavadil,United States VA
USA,Washington,Renton,Informed Consent,Cedar River Clinic - Renton,,United States WA
USA,Washington,Tacoma,Informed Consent,Cedar River Clinic - Tacoma ,,United States WA
USA,Washington,Seattle,Informed Consent,One Medical Group,Dr. Darla M. Klokeid,United States WA
USA,Washington,Seattle,Informed Consent,Neighborcare Health,,United States WA
USA,Washington,Washington Dc,Informed Consent,Whitman-Walker Health,,United States WA
USA,Wisconsin,Glendale,Informed Consent,Greater Milwaukee Center for Health and Wellness,,United States WI
USA,Wisconsin,Wausau,Informed Consent,Aspirus Wausau Family Medicine,Dr. Kevin O'Connell,United States WI
USA,Wyoming,Casper,Informed Consent,Mesa Primary Care,Dr. Ketura Talbot,United States WY
USA,Alaska,Anchorage,Informed Consent,Planned Parenthood  - Anchorage Health Center ,,United States AK
USA,Alaska,Fairbanks,Informed Consent,Planned Parenthood  - Fairbanks Health Center ,,United States AK
USA,Alaska,Juneau,Informed Consent,Planned Parenthood  - Juneau Health Center ,,United States AK
USA,Alaska,Soldotna,Informed Consent,Planned Parenthood  - Soldotna Health Center ,,United States AK
USA,Arkansas,Fayetteville,Informed Consent,Planned Parenthood  - Fayetteville Health Center ,,United States AR
USA,Arkansas,Little Rock,Informed Consent,Planned Parenthood  - Little Rock Health Center ,,United States AR
USA,California,Sacramento,Informed Consent,Planned Parenthood  - B Street Health Center ,,United States CA
USA,California,Fresno,Informed Consent,Planned Parenthood  - Fulton Street Health Center ,,United States CA
USA,California,Walnut Creek,Informed Consent,Planned Parenthood  - Walnut Creek Health Center ,,United States CA
USA,California,Santa Cruz,Informed Consent,Planned Parenthood  - Westside Health Center ,Dr. Jennifer Hastings,United States CA
USA,Colorado,Denver,Informed Consent,Planned Parenthood  - Denver Central Health Center ,,United States CO
USA,Florida,Ft. Myers,Informed Consent,Planned Parenthood  - Fort Myers Health Center ,,United States FL
USA,Florida,Immokalee,Informed Consent,Planned Parenthood  - Immokalee Center ,,United States FL
USA,Florida,Kissimmee,Informed Consent,Planned Parenthood  - Kissimmee Health Center ,,United States FL
USA,Florida,Lakeland,Informed Consent,Planned Parenthood  - Lakeland Health Center ,,United States FL
USA,Florida,Bradenton,Informed Consent,Planned Parenthood  - Manatee Health Center ,,United States FL
USA,Florida,Naples,Informed Consent,Planned Parenthood  - Naples Center ,,United States FL
USA,Florida,Orlando,Informed Consent,Planned Parenthood  - Downtown Orlando Health Center ,,United States FL
USA,Florida,Orlando,Informed Consent,Planned Parenthood  - East Orlando Health Center ,,United States FL
USA,Florida,Sarasota,Informed Consent,Planned Parenthood  - Sarasota Health Center ,,United States FL
USA,Florida,Saint Petersburg,Informed Consent,Planned Parenthood  - St Petersburg Health Center ,,United States FL
USA,Florida,Tampa,Informed Consent,Planned Parenthood  - Tampa Health Center ,,United States FL
USA,Hawaii,Honolulu,Informed Consent,Planned Parenthood  - Honolulu Health Center ,,United States HI
USA,Hawaii,Kahului,Informed Consent,Planned Parenthood  - Kahului Health Center ,,United States HI
USA,Idaho,Boise,Informed Consent,Planned Parenthood  - Boise Health Center ,,United States ID
USA,Idaho,Meridian,Informed Consent,Planned Parenthood  - Meridian Health Center ,,United States ID
USA,Idaho,Twin Falls,Informed Consent,Planned Parenthood  - Twin Falls Health Center ,,United States IL
USA,Illinois,Aurora,Informed Consent,Planned Parenthood  - Aurora Health Center ,,United States IL
USA,Illinois,Chicago,Informed Consent,Planned Parenthood  - Austin Health Center ,,United States IL
USA,Illinois,Bloomington,Informed Consent,Planned Parenthood  - Bloomington Health Center ,,United States IL
USA,Illinois,Champaign,Informed Consent,Planned Parenthood  - Champaign Health Center ,,United States IL
USA,Illinois,Decatur,Informed Consent,Planned Parenthood  - Decatur Health Center ,,United States IL
USA,Illinois,Chicago,Informed Consent,Planned Parenthood  - Englewood Health Center ,,United States IL
USA,Illinois,Chicago,Informed Consent,Planned Parenthood  - Near North Center  ,,United States IL
USA,Illinois,Pekin,Informed Consent,Planned Parenthood  - Pekin Health Center ,,United States IL
USA,Illinois,Peoria,Informed Consent,Planned Parenthood  - Peoria Health Center ,,United States IL
USA,Illinois,Chicago,Informed Consent,Planned Parenthood  - Rogers Park Health Center ,,United States IL
USA,Illinois,Springfield,Informed Consent,Planned Parenthood  - Springfield Health Center ,,United States IL
USA,Iowa,Cedar Falls,Informed Consent,Planned Parenthood  - Cedar Falls Center ,,United States IA
USA,Iowa,Cedar Rapids,Informed Consent,Planned Parenthood  - Cedar Rapids Health Center ,,United States IA
USA,Iowa,Council Bluffs,Informed Consent,Planned Parenthood  - Council Bluffs Health Center ,,United States IA
USA,Iowa,Des Moines,Informed Consent,Planned Parenthood  - Rosenfield Center ,,United States IA
USA,Iowa,Urbandale,Informed Consent,Planned Parenthood  - West Health Center ,,United States IA
USA,Iowa,Iowa City,Informed Consent,Planned Parenthood  - Iowa City Health Center ,,United States IA
USA,Kansas,Overland Park,Informed Consent,Planned Parenthood  - Comprehensive Health Center ,,United States KS
USA,Kansas,Wichita,Informed Consent,Planned Parenthood  - Wichita Health Center ,,United States KS
USA,Maine,Biddeford,Informed Consent,Planned Parenthood  - Biddeford Health Center ,,United States ME
USA,Maine,Portland,Informed Consent,Planned Parenthood  - Portland Health Center ,,United States ME
USA,Maine,Sanford,Informed Consent,Planned Parenthood  - Sanford Health Center ,,United States ME
USA,Maine,Topsham,Informed Consent,Planned Parenthood  - Topsham Health Center ,Dr. Stephanie Snow,United States ME
USA,Massachusetts,Boston,Informed Consent,Planned Parenthood  - Greater Boston Health Center ,,United States MA
USA,Massachusetts,Fitchburg,Informed Consent,Planned Parenthood  - North Central Massachusetts Health Center ,,United States MA
USA,Massachusetts,Marlborough,Informed Consent,Planned Parenthood  - Metro West Health Center ,,United States MA
USA,Massachusetts,Springfield,Informed Consent,Planned Parenthood  - Western Massachusetts Health Center ,,United States MA
USA,Missouri,Kansas City,Informed Consent,Planned Parenthood  - Midtown Health Center ,,United States MO
USA,Missouri,Gladstone,Informed Consent,Planned Parenthood  - Northland Center ,,United States MO
USA,Missouri,Columbia,Informed Consent,Planned Parenthood  - Columbia Health Center ,,United States MO
USA,Montana,Billings,Informed Consent,Planned Parenthood  - Planned Parenthood Heights ,,United States MT
USA,Montana,Billings,Informed Consent,Planned Parenthood  - Planned Parenthood West ,,United States MT
USA,Montana,Helena,Informed Consent,Planned Parenthood  - Planned Parenthood Helena ,,United States MT
USA,Nebraska,Lincoln,Informed Consent,Planned Parenthood  - Lincoln South Health Center ,,United States NE
USA,Nebraska,Omaha,Informed Consent,Planned Parenthood  - Northwest Health Center ,,United States NE
USA,Nevada,Reno,Informed Consent,Planned Parenthood  - Fifthstreet Health Center ,,United States NV
USA,New Hampshire,Claremont,Informed Consent,Planned Parenthood  - Claremont Health Center ,,United States NH
USA,New Hampshire,Derry,Informed Consent,Planned Parenthood  - Derry Health Center ,,United States NH
USA,New Hampshire,Exeter,Informed Consent,Planned Parenthood  - Exeter Health Center ,,United States NH
USA,New Hampshire,Keene,Informed Consent,Planned Parenthood  - Keene Health Center ,,United States NH
USA,New Hampshire,Manchester,Informed Consent,Planned Parenthood  - Manchester Health Center ,,United States NH
USA,New York,Albany,Informed Consent,Planned Parenthood  - Albany Health Center ,,United States NY
USA,New York,Brooklyn,Informed Consent,Planned Parenthood  - Joan Malin Brooklyn Health Center ,,United States NY
USA,New York,Canton,Informed Consent,Planned Parenthood  - Canton Center ,,United States NY
USA,New York,Corning,Informed Consent,Planned Parenthood  - Corning Health Center ,,United States NY
USA,New York,Elmira,Informed Consent,Planned Parenthood  - Elmira Health Center ,,United States NY
USA,New York,Hornell,Informed Consent,Planned Parenthood  - Hornell Health Center ,,United States NY
USA,New York,Hudson,Informed Consent,Planned Parenthood  - Hudson Health Center ,,United States NY
USA,New York,Ithaca,Informed Consent,Planned Parenthood  - Ithaca Center ,,United States NY
USA,New York,Kingston,Informed Consent,Planned Parenthood  - Kingston Health Center ,,United States NY
USA,New York,Malone,Informed Consent,Planned Parenthood  - Malone Clinic ,,United States NY
USA,New York,Monticello,Informed Consent,Planned Parenthood  - Monticello Health Center ,,United States NY
USA,New York,Plattsburgh,Informed Consent,Planned Parenthood  - Plattsburgh Clinic ,,United States NY
USA,New York,Poughkeepsie,Informed Consent,Planned Parenthood  - Poughkeepsie Health Center ,,United States NY
USA,New York,Saranac Lake,Informed Consent,Planned Parenthood  - Saranac Lake Clinic ,,United States NY
USA,New York,Saratoga Springs,Informed Consent,Planned Parenthood  - Saratoga Springs Center ,,United States NY
USA,New York,Smithtown,Informed Consent,Planned Parenthood  - Smithtown Center ,,United States NY
USA,New York,Troy,Informed Consent,Planned Parenthood  - Troy Health Center ,,United States NY
USA,North Carolina,Asheville,Informed Consent,Planned Parenthood  - Asheville Health Center ,,United States NC
USA,North Carolina,Chapel Hill,Informed Consent,Planned Parenthood  - Chapel Hill Health Center ,,United States NC
USA,North Carolina,Charlotte,Informed Consent,Planned Parenthood  - Charlotte Health Center ,,United States NC
USA,North Carolina,Fayetteville,Informed Consent,Planned Parenthood  - Fayetteville Health Center ,,United States NC
USA,North Carolina,Greensboro,Informed Consent,Planned Parenthood  - Greensboro Health Center ,,United States NC
USA,North Carolina,Raleigh,Informed Consent,Planned Parenthood  - Raleigh Health Center ,,United States NC
USA,Pennsylvania,Philadelphia,Informed Consent,Planned Parenthood  - The Elizabeth Blackwell Health Center Tm At Locust Street ,,United States PA
USA,Pennsylvania,Pottstown,Informed Consent,Planned Parenthood  - Pottstown Health Center ,,United States PA
USA,Oklahoma,Oklahoma City,Informed Consent,Planned Parenthood  - Central Oklahoma City Clinic ,,United States OK
USA,Oklahoma,Tulsa,Informed Consent,Planned Parenthood  - Midtown Health Center Family Planning ,,United States OK
USA,Oregon,Portland,Informed Consent,Planned Parenthood  - NE Portland Center ,,United States OR
USA,Oregon,Salem,Informed Consent,Planned Parenthood  - Salem Center ,,United States OR
USA,South Carolina,Charleston,Informed Consent,Planned Parenthood  - Charleston Health Center ,,United States SC
USA,Tennessee,Knoxville,Informed Consent,Planned Parenthood  - Knoxville Health Center ,,United States TN
USA,Texas,Arlington,Informed Consent,Planned Parenthood  - Arlington Health Center ,,United States TX
USA,Texas,Austin,Informed Consent,Planned Parenthood  - North Austin Health Center ,,United States TX
USA,Texas,Austin,Informed Consent,Planned Parenthood  - Downtown Austin Health Center ,,United States TX
USA,Texas,Denton,Informed Consent,Planned Parenthood  - Denton Health Center ,,United States TX
USA,Texas,Harlingen,Informed Consent,Planned Parenthood  - Planned Parenthood Harlingen ,,United States TX
USA,Texas,Plano,Informed Consent,Planned Parenthood  - Plano Health Center ,,United States TX
USA,Texas,San Antonio,Informed Consent,Planned Parenthood  - Planned Parenthood Northeast ,,United States TX
USA,Texas,San Antonio,Informed Consent,Planned Parenthood  - Planned Parenthood Southeast ,,United States TX
USA,Texas,San Antonio,Informed Consent,Planned Parenthood  - Planned Parenthood Marbach Rd ,,United States TX
USA,Texas,San Antonio,Informed Consent,Planned Parenthood  - Planned Parenthood South Texas Medical Center ,,United States TX
USA,Texas,San Antonio,Informed Consent,Planned Parenthood  - Planned Parenthood San Pedro ,,United States TX
USA,Vermont,Barre,Informed Consent,Planned Parenthood  - Barre Health Center ,,United States VT
USA,Vermont,Bennington,Informed Consent,Planned Parenthood  - Bennington Health Center ,,United States VT
USA,Vermont,Brattleboro,Informed Consent,Planned Parenthood  - Brattleboro Health Center ,,United States VT
USA,Vermont,Burlington,Informed Consent,Planned Parenthood  - Burlington Health Center ,,United States VT
USA,Vermont,Hyde Park,Informed Consent,Planned Parenthood  - Hyde Park Health Center ,,United States VT
USA,Vermont,Middlebury,Informed Consent,Planned Parenthood  - Middlebury Health Center ,,United States VT
USA,Vermont,Newport,Informed Consent,Planned Parenthood  - Newport Health Center ,,United States VT
USA,Vermont,Rutland,Informed Consent,Planned Parenthood  - Rutland Health Center ,,United States VT
USA,Vermont,Saint Albans,Informed Consent,Planned Parenthood  - St Albans Health Center ,,United States VT
USA,Vermont,Saint Johnsbury,Informed Consent,Planned Parenthood  - St Johnsbury Health Center ,,United States VT
USA,Vermont,Williston,Informed Consent,Planned Parenthood  - Williston Health Center ,,United States VT
USA,Vermont,White River Junction,Informed Consent,Planned Parenthood  - White River Junction Health Center ,,United States VT
USA,Virginia,Hampton,Informed Consent,Planned Parenthood  - Hampton Health Center ,,United States VA
USA,Virginia,Richmond,Informed Consent,Planned Parenthood  - Richmond Health Center ,,United States VA
USA,Virginia,Virginia Beach,Informed Consent,Planned Parenthood  - Virginia Beach Health Center ,,United States VA
USA,Washington,Bellevue,Informed Consent,Planned Parenthood  - Eastside Bellevue Health Center ,,United States WA
USA,Washington,Bellingham,Informed Consent,Planned Parenthood  - Bellingham Health Center ,,United States WA
USA,Washington,Bremerton,Informed Consent,Planned Parenthood  - Bremerton Health Center ,,United States WA
USA,Washington,Centralia,Informed Consent,Planned Parenthood  - Centralia Health Center ,,United States WA
USA,Washington,Everett,Informed Consent,Planned Parenthood  - Everett Health Center ,,United States WA
USA,Washington,Federal Way,Informed Consent,Planned Parenthood  - Federal Way Health Center ,,United States WA
USA,Washington,Kent,Informed Consent,Planned Parenthood  - Kent Valley Health Center ,,United States WA
USA,Washington,Lynnwood,Informed Consent,Planned Parenthood  - Lynnwood Health Center ,,United States WA
USA,Washington,Marysville,Informed Consent,Planned Parenthood  - Marysville Health Center ,,United States WA
USA,Washington,Mount Vernon,Informed Consent,Planned Parenthood  - Mt Vernon Health Center ,,United States WA
USA,Washington,Olympia,Informed Consent,Planned Parenthood  - Olympia Health Center ,,United States WA
USA,Washington,Port Angeles,Informed Consent,Planned Parenthood  - Port Angeles Health Center ,,United States WA
USA,Washington,Seattle,Informed Consent,Planned Parenthood  - Central District Health Center ,,United States WA
USA,Washington,Seattle,Informed Consent,Planned Parenthood  - First Hill Health Center ,,United States WA
USA,Washington,Seattle,Informed Consent,Planned Parenthood  - Northgate Health Center ,,United States WA
USA,Washington,Seattle,Informed Consent,Planned Parenthood  - University District Health Center ,,United States WA
USA,Washington,Seattle,Informed Consent,Planned Parenthood  - White Center Health Center ,,United States WA
USA,Washington,Shelton,Informed Consent,Planned Parenthood  - Shelton Health Center ,,United States WA
USA,Washington,Tacoma,Informed Consent,Planned Parenthood  - Tacoma Health Center ,,United States WA
Australia,Victoria,Melbourne,Informed Consent,Equinox Gender Diverse Health Service,Dr. Nick Silberstein,
Australia,Victoria,Melbourne,Some doctors can do informed consent,Northside Clinic,,
Australia,Australian Capital Territory,Canberra,"Unclear, may do informed consent",East Canberra General Practice,Dr. Tuck Meng Soo,ACT
Australia,South Australia,Adelaide,Provides HRT letter after counselling sessions,Lyons Robert,Dr. Robert Lyons,SA
Australia,South Australia,Adelaide,"Requires Psychiatrist Letter, referral from GP",O'Brien Street General Practise,Dr. Tonia Mezzini,SA
Australia,New South Wales,Sydney,Requires Psychiatrist/psychologist Letter,Dr Hayes Endocrinology - St Leonards,Dr. Jon Hayes,NSW
Australia,New South Wales,Sydney,Requires Psychiatrist/psychologist Letter,Taylor Square Private Clinic,Dr. Rachel Burdon,NSW
Australia,New South Wales,Sydney,Provides HRT letter after counselling sessions,Wycombe Clinic,Dr. Michael Scott,NSW
Australia,New South Wales,Sydney,Provides HRT letter after counselling sessions,Positive Growth Psychology,Dr. Rainer Jardin,NSW
Australia,Tasmania,Hobart,Unclear,Sexual Health Service,Dr. Louise Owen,
Australia,Queensland,Brisbane,Informed Consent,Holdsworth House,Dr. Fiona Bishop,
Australia,Queensland,Brisbane,Informed Consent,Gladstone Road Medical Centre,Dr. Gale Bearman,
Australia,Western Australia,Perth,Informed Consent,Bassendean Family Practice,Dr. Saint Warren,WA
Australia,Western Australia,Perth,Informed Consent,Curtain University,Dr. Fiona Coombes,WA
Australia,Western Australia,Perth,"Unclear, informed consent may be possible",CBD West Medical Centre,Dr. Mark Kent,WA
Australia,Western Australia,Perth,"Unclear, informed consent may be possible",Alexander Heights Family Practice,Dr. Penny Wood,WA
Australia,Northern Territory,Darwin,Informed Consent,Northside Health NT Darwin,,NT
UK,Scotland,Edinburgh,"Prescribes HRT, counselling sessions may be required.",YourGP,Dr. Lyndsey Myskow,United Kingdom
UK,England,London,"Prescribes HRT, counselling sessions required",Trans Health - The London Gender Clinic,Dr. Richard Curtis,United Kingdom
UK,,Call Or Email To Get In Contact,"Prescribes HRT, counselling sessions may be required.",GenderGP,,United Kingdom
UK,England,London,"Prescribes HRT, counselling sessions may be required.",GenderCare - London Executive Offices ,Dr. Stuart Lorimer,United Kingdom
UK,England,Enfield,"Prescribes HRT, counselling sessions may be required.",GenderCare - King’s Oak Private Hospital,Dr. Leighton Seal,United Kingdom
UK,England,London,"Prescribes HRT, counselling sessions may be required.","GenderCare - Private Patient Services, 15th Floor Charing Cross Hospital",Dr. Leighton Seal,United Kingdom
UK,England,London,"Prescribes HRT, counselling sessions may be required.",GenderCare - London Executive Offices ,Dr. Penny Lenihan,United Kingdom
UK,England,London,"Prescribes HRT, counselling sessions may be required.",GenderCare - London Executive Offices ,Dr. Robin Dundas,United Kingdom
UK,England,Brighton,"Prescribes HRT, counselling sessions may be required.",GenderCare - Nuffield Health Brighton Hospital,Dr. Jonny Coxon,United Kingdom
Canada,Ontario,Guelph,Informed Consent,ARCH clinic,,
Canada,Ontario,Toronto,Informed Consent,Church Wellesley Health Center,Dr. Louie Chan,
Canada,British Columbia,Vancouver,Informed Consent,Three Bridges Community Health Center,,BC
Canada,British Columbia,Vancouver,Informed Consent,Catherine White Holman's Wellness Center,,BC
Canada,British Columbia,Vancouver,Informed Consent,Ravensong,,BC
Canada,Alberta,Calgary,Unclear,Alex Youth Health Centre,,
Canada,Ontario,St. Catharines,Informed Consent,Quest Community Health Center,,
Canada,Ontario,Toronto,Informed Consent,Centre for Addiction and Mental Health - Gender Identity Clinic,,
Canada,Ontario,London,Informed Consent,Southern Ontario Fertility Technology,Dr. James Martin,
South Africa,,,Will help connect to services needed,Gender DynamiX,,
South Africa,Cape Town,Cape Town,Unclear,Triangle Project,,
South Africa,Johannesburg,Johannesburg,"Unclear, have reportedly good services",My Sexual Health - Integrative Medical Centre,,
South Africa,Pretoria,Pretoria,"Unclear, have reportedly good services",My Sexual Health - Med Ahead,,
South Africa,Cape Town,Cape Town,"Unclear, have reportedly good services",My Sexual Health - Intercare Tyger Valley,,
Brazil ,Rio De Janeiro ,Rio De Janeiro ,[Pouco claro] [Unclear],UFRJ: Universidade Federal do Rio de Janeiro,,
Brazil ,Ceará,Fortaleza,[Pouco claro] [Unclear],Hospital Saúde Mental de Messejana,,
Brazil ,Paraíba ,João Pessoa ,[Pouco claro] [Unclear],Complexo Hospitalar Dr. Clementino Fraga,,
Brazil ,Federal District,Brasília,[Pouco claro] [Unclear],HUB Programa Transexual - Hospital Universitário de Brasília,,
Brazil ,Goiás ,Goiânia ,[Pouco claro] [Unclear],Programa Transexual - Hospital das Clínicas de Goiânia,,
Brazil ,Rio De Janeiro ,Rio De Janeiro ,[Pouco claro] [Unclear],Outpatient Clinic of Special Endocrinology (Gender Identity Disorder) - State Institute of Diabetes and Endocrinology Luiz Capriglione,,
Brazil ,São Paulo,São Carlos ,[Pouco claro] [Unclear],Ambulatório de Sexualidade Humana,,
Brazil ,São José Do Rio Preto,São José Do Rio Preto,[Pouco claro] [Unclear],Ambulatório de Saúde Integral para Travestis Transexuais,,
Brazil ,São Paulo,São Paulo,[Pouco claro] [Unclear],ProSex - Instituto de Psiquiatria - Hospital das Clínicas de São Paulo,,
Brazil ,São Paulo ,São Paulo ,[Pouco claro] [Unclear],Ambulatório de Saúde Integral para Travestis Transexuais,,
Brazil ,Minas Gerais ,Uberlândia ,[Pouco claro] [Unclear],Transexual Saúde Ambulatorial - Hospital das Clínicas de Uberlândia,,
Brazil ,Rio Grande Do Sul ,Porto Alegre ,[Pouco claro] [Unclear],Protig - Serviço de Psiquiatria - Hospital das Clínicas de Porto Alegre,,
Brazil ,Rio Grande Do Sul ,Porto Alegre ,[Pouco claro] [Unclear],Centro de Saúde Vila dos Comerciários,,
Chile,,,[Poco claro] [Unclear],Fondo Nacional de Salud,,
India,Karnataka,Bangalore,Informed Consent,Belle Sante Diagnostic & Therapeutic Institute,,
Spain,,Cádiz,[Endocrinólogo - prescribe HRT] [Endocrinologist - prescribes HRT],Hospital Puerta del Mar,Dr. Manuel Aguilar Diosdado,
Spain,,Jaén,[Endocrinólogo - prescribe HRT] [Endocrinologist - prescribes HRT],Complejo Hospitalario de Jaén,Dra. Carmen Tenorio Jiménez,
Spain,,Huelva,[Endocrinólogo - prescribe HRT] [Endocrinologist - prescribes HRT],Complejo Hospitalario de Huelva,Dra. María Laínez López,
Spain,,Granada,[Endocrinólogo - prescribe HRT] [Endocrinologist - prescribes HRT],Complejo Hospitalario de Granada,"Dra. Mª Dolores Avilés Pérez, Dra. Elena Torres Vela",
Spain,,Málaga,[Endocrinólogo - prescribe HRT] [Endocrinologist - prescribes HRT],Hospital Regional de Málaga,"Dra. Mª Cruz Almaraz Almaraz, Dra. Isabel Esteva de Antonio",
Spain,,Sevilla,[Endocrinólogo - prescribe HRT] [Endocrinologist - prescribes HRT],Hospital Virgen del Rocío,"Dr. Miguel Ángel Mangas Cruz, Dra. María Tous Romero",
Spain,,Almería,[Endocrinólogo - prescribe HRT] [Endocrinologist - prescribes HRT],Hospital Torrecárdenas,Dra. Alicia Picó,
Spain,,Córdoba,[Endocrinólogo - prescribe HRT] [Endocrinologist - prescribes HRT],Hospital Reina Sofía,"Dra. María Ángeles Gálvez Moreno, Dra. Paloma Moreno Moreno",
France,,Paris,[Psychologue clinicien - processus peu clair] [Clinical Psychologist - unclear process],Mariepsy,Peretti Marie-Laure,
France,,Paris,[Endocrinologue - processus peu clair] [Endocrinologist - unclear process],Medical Center Europe,Dr. Nicolas Hacher,
France,,Paris,[Endocrinologue - processus peu clair] [Endocrinologist - unclear process],Cabinetdu Dr Dorian Sandre Banon,Dr. Dorian Sandre Banon,
France,,Paris,[Endocrinologue - processus peu clair] [Endocrinologist - unclear process],Cabinet du Dr Brigitte Seyden,Dr. Brigitte Seyden,
France,,Quimper,[Endocrinologue - processus peu clair] [Endocrinologist - unclear process],Hôpital de Cornouaille,Dr. Patricia Blanchard-evin,
France,,Nîmes,[Endocrinologue - processus peu clair] [Endocrinologist - unclear process],Cabinet du Dr Frederic Bompard,Dr. Frédéric Bompard,
France,,Bron,[Endocrinologue - processus peu clair] [Endocrinologist - unclear process],Hopital femme mere enfant,Dr. Aude Brac de la Perrière,
France,,Bron,[Endocrinologue - processus peu clair] [Endocrinologist - unclear process],Hopital Femme Mere Enfant,Dr. Hervé Lejeune,
France,,Mulhouse,[Endocrinologue - processus rapide] [Endocrinologist - quick process],Hopital du hasenrain,Dr. Paul Roesch,
Belgium,,Antwerp,"[Voorschrijft HRT, kan counseling sessies nodig zijn] [Prescribes HRT, counselling sessions may be required] [Prescrit un THS, des séances de conseil peuvent être nécessaires]",2pass Clinic,Michelle Hufkens,
Belgium,,Alken ,"[Psychiater - kan diagnose van geslachtsdysforie geven] [Psychiatrist - can provide gender dysphoria diagnosis] [
Psychiatre - peut fournir un diagnostic de dysphorie de genre]",ANIMA ,Erik Buntinx,
Belgium,,Kontich ,"[Psychiater - kan diagnose van geslachtsdysforie geven] [Psychiatrist - can provide gender dysphoria diagnosis] [
Psychiatre - peut fournir un diagnostic de dysphorie de genre]",ANTHE - Groepspraktijk voor Psychiatrie & Psychotherapie,Delmeire Laure,
Belgium,Ghent ,Gent ,"[Psychiater - kan diagnose van geslachtsdysforie geven] [Psychiatrist - can provide gender dysphoria diagnosis] [
Psychiatre - peut fournir un diagnostic de dysphorie de genre]",UZ Gent,Dhondt Karlien,
Belgium,Ghent ,Gent ,"[Psychiater - kan diagnose van geslachtsdysforie geven] [Psychiatrist - can provide gender dysphoria diagnosis] [
Psychiatre - peut fournir un diagnostic de dysphorie de genre]",[Centre de sexologie et genre] [Center for Sexology and Gender] [Zentrum für Sexologie und Gender]  ,Heylens Gunter ,
Belgium,,Hasselt,"[Psychiater - kan diagnose van geslachtsdysforie geven] [Psychiatrist - can provide gender dysphoria diagnosis] [
Psychiatre - peut fournir un diagnostic de dysphorie de genre]",Neurodomus ,Roussard Bart ,
Italy,Province Of Messina,Messina,"
[Fornisce la terapia quindi prescriverà la terapia ormonale sostitutiva] [Provides therapy then will prescribe HRT]",DiSEM Messina,,
Italy,Liguria,Genoa,"
[Fornisce la terapia quindi prescriverà la terapia ormonale sostitutiva] [Provides therapy then will prescribe HRT]",DiSEM Genoa,,
Sweden,,Stockholm,[Lång process av psykiater sessioner då endokrinolog besök] [Long process of psychiatrist sessions then endocrinologist visits],ANOVA,,
Sweden,,Linköping,[Lång process av psykiater sessioner då endokrinolog besök] [Long process of psychiatrist sessions then endocrinologist visits],Psykiatriska kliniken Universitetssjukhuset,,
Sweden,Skåne,Lund,[Lång process av psykiater sessioner då endokrinolog besök] [Long process of psychiatrist sessions then endocrinologist visits],Vuxenpsykiatrimottagning Könsidentitet,,
Sweden,,Lund (Barn & Ungdom),[Lång process av psykiater sessioner då endokrinolog besök] [Long process of psychiatrist sessions then endocrinologist visits],KIM (könsidentitetsmottagningen) BUP,,
Sweden,,Stockholm (Barn & Ungdom),[Lång process av psykiater sessioner då endokrinolog besök] [Long process of psychiatrist sessions then endocrinologist visits],KID-teamet på Astrid Lindgrens barnsjukhus,,
Sweden,,Umeå,[Lång process av psykiater sessioner då endokrinolog besök] [Long process of psychiatrist sessions then endocrinologist visits],"Könsidentitetsmottagning (KIM), Psykiatriska kliniken vid Norrlands universitetssjukhus",,
Sweden,,Uppsala,[Lång process av psykiater sessioner då endokrinolog besök] [Long process of psychiatrist sessions then endocrinologist visits],Akademiska sjukhuset Affektiva specialmottagningen,,
Sweden,Västra Götalandsregionen,Alingsås,[Lång process av psykiater sessioner då endokrinolog besök] [Long process of psychiatrist sessions then endocrinologist visits],Lundströmmottagningen i Alingsås,,
Norway,Oslo,Oslo,[Informert samtykke (foreskriver HRT ved første besøk)] [Informed consent (prescribes HRT on first visit)],Mediwave,Ellen Skjelbred,
Norway,Trøndelag,Trondheim,[Uklar] [Unclear],GoMentor,Vigdis Moen,
Norway,Oslo,Oslo,[Uklar] [Unclear],Harry Benjamin Ressurssenter,Asle Offerdal,
Norway,Aust-Agder,Grimstad,[Uklar] [Unclear],Grimstad MPAT Institute,Esben Esther Pirelli Benestad,
Germany,Bavaria,München [Munich],[Psychiater - gibt Indikationen für die Behandlung nach Beratungssitzungen] [Psychiatrist - provides indication for treatment after counselling sessions],Dorette Poland,Dr. Dorette Poland,
Germany,Bavaria,München [Munich],[Psychiater - gibt Indikationen für die Behandlung nach Beratungssitzungen] [Psychiatrist - provides indication for treatment after counselling sessions],,Dr. Christian Vogel,
Germany,Bavaria,München [Munich],[Psychiater - gibt Indikationen für die Behandlung nach Beratungssitzungen] [Psychiatrist - provides indication for treatment after counselling sessions],MVZ Algesiologikum,Dr. Herbert Nickl,
Germany,Baden-Württemberg,Ulm,[Psychiater - gibt Indikationen für die Behandlung nach Beratungssitzungen] [Psychiatrist - provides indication for treatment after counselling sessions],Practice Dres. Kammerer Ulm,Dr. Hartmut Kammerer,
Germany,Bavaria,München [Munich],[Psychiater - gibt Indikationen für die Behandlung nach Beratungssitzungen] [Psychiatrist - provides indication for treatment after counselling sessions],PSYKOBELL,Dr. Werner Ettmeier,
Germany,Bavaria,Würzburg,[Unklar] [Unclear],Oberarzt der Institutsambulanz - Universitätsklinikum Würzburg,Florian Daxer,
Germany,Dachau,Karlsfeld,[Psychiater - gibt Indikationen für die Behandlung nach Beratungssitzungen] [Psychiatrist - provides indication for treatment after counselling sessions],,Dr. Heinz M. Basin,
Netherlands,,Amsterdam,[Alle diensten op één locatie maar het duurt jaren om HST voor te schrijven] [All services in one location but takes years to prescribe HRT],VUmc,,
Netherlands,,Groningen ,[Alle diensten op één locatie maar het duurt jaren om HST voor te schrijven] [All services in one location but takes years to prescribe HRT],UMCG,,
Poland,,Kraków,[Swiadoma zgoda (zaleca HRT przy pierwszej wizycie)] [Informed consent (prescribes HRT on first visit)],,Dr. Zbigniew Liber,
Poland,,Warszawa [Warsaw],[Przepisuje HTZ po kilku sesjach] [Prescribes HRT after a few sessions],PsychoMedic,Dr. Stanis?aw Dulko,
Poland,,Kraków,[Niejasny] [Unclear],Centrum Dobrej Terapii,Dr. Bartosz Grabski,
Poland,,Lódz,[Niejasny] [Unclear],Poradnia Zdrowia Psychicznego i Patologii Wspólzycia,Dr. Alexander Robach,
New Zealand,,Christchurch,Psychotherapist - prescribes HRT after therapy sessions,,Vicky Blake,
New Zealand,,Auckland,Informed Consent with an endocrinologist and therapist visit,Auckland Sexual Health Service,,
Mexico,,,Ask local GP,,,
Australia,South Australia,,Find a GP and give the Equinox informed consent forms or go to melbourne.,,http://www.transhealthsa.com/for-medical-practitioners/,
Iceland,,,[Hafðu Samtökin 78] [Contact Samtökin 78],,https://samtokin78.is/,
Greece,,,[Syzitíste me to topikó endokrinológo sas] [Talk to your local endocrinologist],,,
China,,,"Go to local doctor first, but your local pharmacy should have what you need",,,
Canada,British Columbia,,Any family physician in BC can prescribe you with informed consent HRT,,,
Austria,,,"[Benötigt jedes davon: psychiatrische, klinisch-psychologische und psychotherapeutische Diagnose] [Requires each of these:  psychiatric, clinical-psychological and psychotherapeutic diagnosis]",,,
